reason,uuid,survivor_uuid,kind,net_code,net,layer_or_span,width_or_size_mm,start_or_position_mm,end_mm,drill_mm,locked
exact_duplicate,1f7ef100-4628-41a2-9efe-85c4f07e8674,0368822a-62c3-4d13-ac86-62aaf7f1615d,segment,87,INJECTOR_1,In1.Cu,2.0,"[31.9, 120.3]","[31.8, 120.4]",,False
exact_duplicate,2311cc1e-9d81-48ac-9192-2ceed62e18eb,0d959c0e-99db-4995-aa1f-ed8c23a6faf4,segment,184,WB1_RELAY_LOW,B.Cu,1.2,"[66.5, 15.9]","[67.9, 15.9]",,False
exact_duplicate,26165238-2588-44a8-b551-e20628e37ee5,1166b008-c12c-4da4-ae38-27a50df2648d,segment,176,VCC_5,B.Cu,0.6,"[76.8, 106.9]","[76.9, 107.0]",,False
exact_duplicate,2a1a9b8a-d3c2-493e-aefe-58a18838e0dd,24c7b8d1-beaf-4c34-b62d-d553809832f8,segment,94,INJECTOR_8,In3.Cu,2.0,"[49.6, 65.8]","[49.7, 65.7]",,False
exact_duplicate,2a20b707-bfde-4955-aeae-b2354257dfa2,2374bfed-2782-450d-88b1-8833cfbb8d3e,segment,116,MIL,In2.Cu,1.2,"[24.1, 148.5]","[24.0, 148.4]",,False
exact_duplicate,2d944e40-e1ff-4a45-be3d-16b9ca92b5ac,1135dda9-a384-4641-8cc6-be3c088fd12b,segment,83,IAC,F.Cu,1.2,"[37.9, 38.3]","[38.0, 38.3]",,False
exact_duplicate,34829662-dede-4694-b6ef-6ac7a77c8399,1a176261-797e-4b86-b7e7-3d63a9b8ecef,segment,178,VPWR,In1.Cu,4.0,"[99.1, 24.7]","[100.7, 24.7]",,False
exact_duplicate,36b08051-635a-432a-bafb-1e5be1c566c8,08c7f660-383c-4ae0-9fe8-d5d32e3f71ce,segment,94,INJECTOR_8,In3.Cu,2.0,"[41.9, 79.8]","[42.0, 79.7]",,False
exact_duplicate,37dfa1ac-71c2-4b35-90e4-b0babe869472,1bf37862-f97f-4b5e-8917-7d522669970e,segment,88,INJECTOR_2,In4.Cu,2.0,"[108.5, 27.1]","[108.5, 27.2]",,False
exact_duplicate,3cd92f87-0ee8-4f33-9516-8c3bbc14dd47,163d80df-830e-4637-84e7-e3905e6acb95,segment,87,INJECTOR_1,In1.Cu,2.0,"[32.1, 128.0]","[32.1, 127.9]",,False
exact_duplicate,3f5d1ca4-b887-4419-b35e-f0a361ebf1ae,07df2e7b-3d96-4a50-a2ca-6e004988ccba,segment,66,DGND,F.Cu,0.6,"[88.7, 39.0]","[88.7, 39.1]",,False
exact_duplicate,401dcaca-04ec-4c5c-8beb-e4ee64e4c439,27582c96-108e-447a-b5b8-2906f9712937,segment,170,TRANS_EPC,B.Cu,1.2,"[77.0, 40.9]","[76.9, 40.9]",,False
exact_duplicate,40542f7b-c160-41d7-bc0a-7a2ff21a9760,0705420e-77d0-485c-9796-d659ac1f98fb,segment,184,WB1_RELAY_LOW,B.Cu,1.2,"[68.6, 15.6]","[68.7, 15.6]",,False
exact_duplicate,4343f313-afff-4dc3-9498-85bf8bb2fbdf,37bc74c6-8b07-45cf-878f-255cebcfaa73,segment,184,WB1_RELAY_LOW,B.Cu,1.2,"[68.3, 15.7]","[68.5, 15.7]",,False
exact_duplicate,43c90c0f-9e80-481a-bef6-72e44d49c759,0aad28ff-31a2-4098-85b9-d56efb4a6f1d,segment,83,IAC,F.Cu,1.2,"[39.1, 37.1]","[39.1, 37.0]",,False
exact_duplicate,43dd9e8a-a98f-451c-a745-1490e3249770,424873e3-47ae-4fce-9fac-ab812c885d74,segment,87,INJECTOR_1,In1.Cu,2.0,"[33.0, 129.0]","[33.1, 129.0]",,False
exact_duplicate,45d95ec4-9b9b-4f5a-a030-dcc0bf1706bc,402c8eed-fac4-4308-ae1a-2a62eb8454db,segment,170,TRANS_EPC,B.Cu,1.2,"[76.7, 41.0]","[76.6, 41.1]",,False
exact_duplicate,467b7a4b-cbe9-4f82-b249-a4d10f46f996,2ca5fbf7-e7d4-4d0e-a894-ece076441dbb,segment,170,TRANS_EPC,B.Cu,1.2,"[77.2, 40.8]","[77.1, 40.8]",,False
exact_duplicate,471f4e4f-1ba0-42f8-a413-51732a49053b,05bf7ecc-6de1-4283-97d7-0622780429b9,segment,88,INJECTOR_2,In4.Cu,2.0,"[108.6, 27.0]","[108.5, 27.1]",,False
exact_duplicate,4a4cc959-9c83-4e9b-b6b4-302456499765,1aa82542-0c5f-488f-8e71-f27c364ad738,segment,176,VCC_5,B.Cu,0.6,"[76.6, 105.6]","[76.6, 106.4]",,False
exact_duplicate,5165ff68-407d-4a7f-89bc-5619b885a86a,30747bc9-535d-4572-b8b3-218542bda60a,segment,87,INJECTOR_1,In1.Cu,2.0,"[36.8, 114.8]","[36.8, 114.9]",,False
exact_duplicate,518a917b-2a61-4e13-8efe-e021ca58f996,5144c8af-0039-4caa-8ae3-f86236d0e241,segment,177,VDDA_5,F.Cu,0.6,"[94.9, 43.1]","[94.5, 43.1]",,False
exact_duplicate,53656655-1746-4284-9d14-872e38847b02,30199310-ca31-4147-bb7d-ba8bac016856,segment,94,INJECTOR_8,In3.Cu,2.0,"[49.8, 65.4]","[49.9, 65.3]",,False
exact_duplicate,55c5f00c-a942-42fe-bbd5-69855c90ecd0,4de76868-0225-4f53-af90-746b515b394b,segment,88,INJECTOR_2,In4.Cu,2.0,"[108.5, 27.2]","[108.4, 27.3]",,False
exact_duplicate,560c1375-16f9-4df5-a97b-d014c63ac3bd,06f05409-5b79-4c6f-9ca9-79d47a2673d1,segment,94,INJECTOR_8,In3.Cu,2.0,"[49.7, 69.8]","[49.7, 68.2]",,False
exact_duplicate,561136ba-c245-4324-a5d0-575472d6bd94,0048e5d7-4263-4554-b307-51eeaf828f33,segment,87,INJECTOR_1,In1.Cu,2.0,"[32.9, 128.9]","[32.8, 128.9]",,False
exact_duplicate,5c4d7273-94a6-46de-9727-5a3945bac254,2e7ca124-8e06-42c2-8f1e-c83beff616cf,segment,116,MIL,In2.Cu,1.2,"[27.3, 148.6]","[27.4, 148.5]",,False
exact_duplicate,5dd158a2-2be6-4447-b9a1-9e222262e2fd,4c203272-133e-4703-9558-b70aa36ec974,segment,176,VCC_5,B.Cu,0.6,"[76.9, 107.1]","[77.1, 107.3]",,False
exact_duplicate,5e93f167-27f8-4ff7-a62e-a417f2fd6cf0,0d02b805-eb11-437f-b9cd-84a6fb66fc88,segment,87,INJECTOR_1,In1.Cu,2.0,"[31.9, 120.2]","[31.9, 120.3]",,False
exact_duplicate,5e9503ac-e126-43dc-8805-fe6cb908bb10,05998eed-cf44-4b78-a1f9-784e28eb044c,segment,170,TRANS_EPC,B.Cu,1.2,"[77.0, 40.9]","[77.1, 40.8]",,False
exact_duplicate,609a7991-3f90-4897-89a9-d3c02b7fe387,3a9727a2-6f50-414f-9cd2-5cd2323365cf,segment,180,VREF_FILTER,In3.Cu,0.6,"[84.8, 54.1]","[84.8, 54.2]",,False
exact_duplicate,62f3ef01-8d3d-4028-af21-4d98f9b4303f,2aa8a00c-05f9-4c87-979c-d6346c4be758,segment,87,INJECTOR_1,In1.Cu,2.0,"[31.8, 120.5]","[31.8, 120.4]",,False
exact_duplicate,638923c1-f665-4ed7-9536-6c0baad02ae4,3676592f-90b0-432f-963d-7988c1ebb3c6,segment,94,INJECTOR_8,In3.Cu,2.0,"[49.9, 65.3]","[49.9, 65.2]",,False
exact_duplicate,646cf0a2-1d9e-460f-9778-1afc2a20a41c,599c1e76-74a3-4591-9eb2-7c26c830f889,segment,184,WB1_RELAY_LOW,B.Cu,1.2,"[62.6, 15.2]","[62.7, 15.3]",,False
exact_duplicate,6473cfc8-d5e1-4684-bdf4-6f4e5ce196b0,26e98276-30c4-408d-99b4-f5376b7b8957,segment,180,VREF_FILTER,In3.Cu,0.6,"[84.6, 54.5]","[84.6, 54.9]",,False
exact_duplicate,66bbd129-6d29-4815-ba39-dab4c9aaefb1,4561c876-ace0-4cb0-96cd-6c417063e85a,segment,178,VPWR,In1.Cu,4.0,"[97.4, 26.4]","[99.1, 24.7]",,False
exact_duplicate,671323e2-f0dd-475f-8aa0-571a84bd36cf,31c26420-7b08-439e-9ecf-43aa823b93c8,segment,83,IAC,F.Cu,1.2,"[38.2, 38.1]","[38.3, 38.1]",,False
exact_duplicate,68e05b65-86a5-4594-9028-67c0e36be538,4b512093-2eb5-4e02-8c01-1c2294a80991,segment,94,INJECTOR_8,In3.Cu,2.0,"[42.1, 79.5]","[42.1, 79.4]",,False
exact_duplicate,6b806edd-912a-4119-84d6-e79719c247b1,494e6fd2-fcdb-4e5a-bba3-e26c8924354b,segment,83,IAC,F.Cu,1.2,"[37.5, 38.6]","[37.6, 38.5]",,False
exact_duplicate,6e78506b-7dd3-4d79-a6b3-2af9218698fb,22af850f-c97e-433b-a77b-971856424596,segment,176,VCC_5,F.Cu,0.25,"[110.6, 32.4]","[110.6075, 32.45]",,False
exact_duplicate,6f051818-6b8c-41d6-899a-0b57cefbce56,335de33c-2a8b-41b4-9432-826a48c95b56,segment,87,INJECTOR_1,In1.Cu,2.0,"[33.2, 129.1]","[33.3, 129.1]",,False
exact_duplicate,6f679bef-5d9a-42ce-9315-aafaaa4d0317,0b6d5f75-61e4-448d-aadd-7202c1ee9673,segment,94,INJECTOR_8,In3.Cu,2.0,"[49.7, 68.2]","[49.6, 68.1]",,False
exact_duplicate,6fb6c8a8-0b10-43b6-9b7e-ee4ad36a6451,40e23090-5e7b-45ba-b8c1-e5924a8fa5e1,segment,177,VDDA_5,F.Cu,0.6,"[95.5, 43.6]","[95.5, 43.5]",,False
exact_duplicate,711a9256-4002-44c0-b03d-dd0f6971a86a,680a7f92-9c29-4ab2-bba3-d041741e9fc7,segment,83,IAC,F.Cu,1.2,"[37.6, 38.5]","[37.7, 38.5]",,False
exact_duplicate,7156d2aa-47b7-4f57-a9d5-a783bde8015d,005f2d3a-f516-45be-be98-a2a1ef87a32c,segment,177,VDDA_5,F.Cu,0.6,"[95.1, 43.2]","[95.0, 43.2]",,False
exact_duplicate,71b0aacb-aeb4-4b67-89cf-eb24e907a58f,48ff6096-46a7-4922-9bc1-f06dc81a157c,segment,184,WB1_RELAY_LOW,B.Cu,1.2,"[65.4, 15.4]","[65.5, 15.4]",,False
exact_duplicate,71b13cc2-7e91-462d-9618-b5ecc863318c,47d1e8af-7a59-4dfb-8aed-17dc88bad864,segment,116,MIL,In2.Cu,1.2,"[22.9, 147.9]","[22.8, 147.9]",,False
exact_duplicate,722a0916-0b4b-4241-8cc2-06af1de2fc2f,1a7efb6a-d476-46c4-8ddb-b5a6228086f2,segment,176,VCC_5,B.Cu,0.6,"[77.1, 104.7]","[76.9, 104.9]",,False
exact_duplicate,72435676-7422-4442-8506-72c1b3fb4155,08fa3169-811c-4f06-80f0-20bec98daa96,segment,177,VDDA_5,F.Cu,0.6,"[95.5, 43.5]","[95.3, 43.3]",,False
exact_duplicate,72d36b23-d755-4dee-aef7-d74fb2405bf9,40dce6c8-824a-47d1-97d6-cc7721767375,segment,116,MIL,In2.Cu,1.2,"[24.4, 148.5]","[24.5, 148.6]",,False
exact_duplicate,73eeea6a-f0b3-47d4-ab0d-ddfd67f41fc6,4d37b248-0a8f-4474-9483-b19b1a78e19f,segment,87,INJECTOR_1,In1.Cu,2.0,"[36.9, 114.6]","[37.2, 114.3]",,False
exact_duplicate,77a5872b-a564-4da8-aa10-93a5dba45521,163b927a-cbd3-47b6-8aad-18d784e201ea,segment,116,MIL,In2.Cu,1.2,"[24.4, 148.5]","[24.1, 148.5]",,False
exact_duplicate,78fd3e89-0b25-4efb-bea1-5f8838c580b5,03495f5c-6d52-45c3-968b-4bb6ff80f813,segment,94,INJECTOR_8,In3.Cu,2.0,"[49.8, 65.5]","[49.8, 65.4]",,False
exact_duplicate,7b7ac767-6d38-4a12-b2b9-19ec35ffb26b,35577616-28d2-4249-b483-224dbe4847fa,segment,87,INJECTOR_1,In1.Cu,2.0,"[32.0, 127.8]","[32.0, 126.6]",,False
exact_duplicate,7b8ca455-23fa-47dd-afed-601f84fc444f,2cb6c883-9c7c-4eb3-8012-0492bd9ac25f,segment,44,CASE_GND,B.Cu,0.6,"[114.7, 31.7]","[114.8, 31.8]",,False
exact_duplicate,7be8b2e9-1515-43b4-ba8b-174c7d9316d7,3e45ab65-fc7d-4613-b05f-f1c861c71c25,segment,83,IAC,F.Cu,1.2,"[36.7, 38.9]","[36.8, 38.8]",,False
exact_duplicate,7ce73bab-164c-4dd6-9747-9910eada63fa,4b9925df-be6e-442a-8c12-23840d79cd1f,segment,87,INJECTOR_1,In1.Cu,2.0,"[32.3, 128.4]","[32.8, 128.9]",,False
exact_duplicate,7cf6c918-648e-4f09-aabd-a2a5e427c47b,6471fe42-e6d5-4c7b-93ad-17913cbe0aed,segment,176,VCC_5,B.Cu,0.6,"[76.7, 105.3]","[76.7, 105.5]",,False
exact_duplicate,7d6776cf-0f90-40e9-9281-82a350f8f8c6,0712cfe8-4cbf-4847-8971-661089562f93,segment,91,INJECTOR_5,F.Cu,2.0,"[106.0, 18.0]","[106.0, 16.0]",,False
exact_duplicate,7eba1680-8cd5-4716-a682-a0585efe4fdd,08e2bec9-1b29-43aa-aacb-eafe660bd97c,segment,83,IAC,F.Cu,1.2,"[38.0, 38.3]","[38.2, 38.1]",,False
exact_duplicate,7f6e57c8-84c0-426f-9765-3efc0d9a6f95,625ee081-4dd5-4e83-916c-c1fd43e8ea86,segment,170,TRANS_EPC,B.Cu,1.2,"[77.3, 40.7]","[77.4, 40.7]",,False
exact_duplicate,81689804-726e-4ef2-94f5-c487f074d9d2,4d050538-9212-468c-8c20-c53ace8ec260,segment,116,MIL,In2.Cu,1.2,"[27.3, 148.6]","[24.5, 148.6]",,False
exact_duplicate,82a97c7a-a05c-4fa5-81fc-c53ef35e9090,307803b3-0842-4dab-9014-f1ae27a5e76d,segment,44,CASE_GND,B.Cu,0.6,"[114.8, 31.9]","[114.8, 31.8]",,False
exact_duplicate,8532b0fb-47b0-4d26-9b8f-4eaa426643c4,4f0656e8-87af-4cc4-999d-6bc3d9cef355,segment,177,VDDA_5,F.Cu,0.6,"[95.6, 43.7]","[95.5, 43.6]",,False
exact_duplicate,85933572-4a23-4fb8-b23e-daeb8a8a8898,177679a9-1bae-4bdb-88cb-ac71a948477a,segment,94,INJECTOR_8,In3.Cu,2.0,"[49.7, 65.6]","[49.8, 65.5]",,False
exact_duplicate,8667405c-befb-437e-9ed7-2bc48a5e3138,53c5bae3-604f-427e-a550-d09c0f0532cc,segment,87,INJECTOR_1,In1.Cu,2.0,"[31.7, 126.0]","[31.6, 125.9]",,False
exact_duplicate,874d8c00-02ca-4ad3-bd16-e800ef2f5bf9,0bbfc4d9-544c-4838-b006-a01c39c30fe2,segment,180,VREF_FILTER,In3.Cu,0.6,"[84.7, 54.4]","[84.6, 54.5]",,False
exact_duplicate,876f7bc0-deef-442f-bdcf-fdf576780428,080710bd-3e45-4174-a84a-fe285de04347,segment,87,INJECTOR_1,In1.Cu,2.0,"[31.7, 120.6]","[31.8, 120.5]",,False
exact_duplicate,899e0fcd-c7e2-4757-b356-1c33468824f5,814acade-c85f-4d86-b718-2e52ebee57a0,segment,83,IAC,F.Cu,1.2,"[38.9, 37.3]","[39.1, 37.1]",,False
exact_duplicate,8c17010e-9272-4b75-b300-2f71e205d9ee,577207d3-3bff-4796-b024-059fa45f48f1,segment,116,MIL,In4.Cu,1.2,"[22.9, 30.8]","[22.8, 30.7]",,False
exact_duplicate,8d75df34-ba9c-41e6-8437-7001c94fc241,22f42232-5968-48f0-8944-bf5d2e4e5d8c,segment,170,TRANS_EPC,B.Cu,1.2,"[87.3, 35.8]","[89.2, 33.9]",,False
exact_duplicate,8d8bb579-5eef-44e8-a11d-be8a3b6aff54,706edfb3-24f6-43c5-a119-14cfc0692a59,segment,83,IAC,F.Cu,1.2,"[37.1, 38.8]","[37.2, 38.7]",,False
exact_duplicate,8ea29c14-3e90-4243-a4a4-bbab5b4e0817,3ba32c8f-3818-4815-9250-ca891a37bf40,segment,176,VCC_5,B.Cu,0.6,"[76.7, 105.5]","[76.6, 105.6]",,False
exact_duplicate,8ee9b65f-e2b5-47b4-abb6-86773e8f6bd4,714d8a0a-4d15-4a38-b3f2-dcf91e8a47df,segment,94,INJECTOR_8,In3.Cu,2.0,"[42.1, 79.4]","[42.2, 79.3]",,False
exact_duplicate,8fa78d19-f8d5-4576-9053-d9c3d42c7ab0,56c8cf81-59e5-401a-99ae-b4329a566ea0,segment,83,IAC,F.Cu,1.2,"[38.3, 38.1]","[38.8, 37.6]",,False
exact_duplicate,9039d8c9-d78f-46dd-9267-3901c527fcfa,4902dc4f-334c-4ae5-a9f4-79e0d4316b5c,segment,94,INJECTOR_8,In3.Cu,2.0,"[42.0, 79.6]","[42.1, 79.5]",,False
exact_duplicate,905bf47c-d62c-4299-83f0-aad44b5da10d,81ef4444-dc43-4fbf-bada-e08fe72bd33d,segment,79,FUEL_PUMP_CONTROL,B.Cu,1.2,"[35.8, 31.7]","[35.5, 31.7]",,False
exact_duplicate,971c7d3b-000d-4f8a-8b36-539decadb2c5,5bc9a490-90ef-43af-bc3e-bdbba15668d0,segment,83,IAC,F.Cu,1.2,"[39.1, 37.0]","[40.2, 35.9]",,False
exact_duplicate,97fd21e6-221c-4c0e-88dc-c9dbb72c021b,78569354-431c-464e-b27a-7a81e725fd15,segment,184,WB1_RELAY_LOW,B.Cu,1.2,"[66.1, 15.7]","[66.2, 15.8]",,False
exact_duplicate,9d566989-d9c3-42c5-854e-f62660c9bb51,1334ede1-fa32-4ec0-9b18-95b43ff6a8fc,segment,176,VCC_5,B.Cu,0.6,"[76.9, 107.0]","[76.9, 107.1]",,False
exact_duplicate,9e315a82-ce91-459b-83e1-fa146aeb1c80,7e01f665-d35b-4e2c-903f-63fb3e8bb1c6,segment,116,MIL,In2.Cu,1.2,"[23.3, 148.2]","[23.2, 148.1]",,False
exact_duplicate,9e785da2-b5de-42f9-ad15-f56f8faf8895,6377639c-ba78-4f6d-98d6-54712f5693c5,segment,170,TRANS_EPC,B.Cu,1.2,"[77.7, 40.5]","[77.6, 40.5]",,False
exact_duplicate,9edde57e-a73b-4ed6-967e-a4a2eecc407a,21a91ab2-88b2-4939-8554-1573a0fa76c4,segment,83,IAC,F.Cu,1.2,"[38.9, 37.4]","[38.9, 37.3]",,False
exact_duplicate,9f7f4413-07d3-4545-a3fb-98430f030792,81195484-d4d5-4ba9-afbf-acd6f24f5e54,segment,179,VREF_5,In2.Cu,0.6,"[84.6, 22.0]","[84.7, 22.1]",,False
exact_duplicate,a23b8828-e7ff-489d-92e5-b961bbfd80ab,a0cd20db-deb8-4e4d-a176-4f5f4ff6518b,segment,172,TRANS_SS1,In4.Cu,1.2,"[48.3, 129.8]","[48.4, 129.9]",,False
exact_duplicate,a3aef54a-3a52-4e74-a16f-df280704596b,7f33ff99-9a12-4f7f-ba7c-241e0b049da2,segment,87,INJECTOR_1,In1.Cu,2.0,"[32.3, 128.3]","[32.3, 128.4]",,False
exact_duplicate,a3e964a9-5011-40f8-a2e8-d21dfbe398b2,8f78161c-ee5d-4fd4-a411-de3ab08517bb,segment,87,INJECTOR_1,In1.Cu,2.0,"[32.2, 128.2]","[32.3, 128.3]",,False
exact_duplicate,a42ad3e8-d286-4789-ba1f-12c4b5ac18bc,398859e0-3fa0-41f1-bc67-3985bdaf3e5a,segment,184,WB1_RELAY_LOW,B.Cu,1.2,"[67.9, 15.9]","[68.0, 15.8]",,False
exact_duplicate,a4ca4780-b437-4b50-a9e1-762cf90ed483,4be00ecc-da72-4390-a032-d93c0700b02c,segment,184,WB1_RELAY_LOW,B.Cu,1.2,"[68.5, 15.7]","[68.6, 15.6]",,False
exact_duplicate,a6fdec56-688f-453e-aed4-ed31d07bb8a2,a4f6a522-ae5a-4366-94ca-7ae66f283e9d,segment,116,MIL,In4.Cu,1.2,"[22.8, 30.1]","[22.9, 30.0]",,False
exact_duplicate,a79bde9c-9e92-4107-a60a-dc82e063fd85,16e51aad-9096-47e0-a40f-47a7eddc2db4,segment,172,TRANS_SS1,In4.Cu,1.2,"[48.4, 129.9]","[48.4, 130.1]",,False
exact_duplicate,a8ca1ca6-74c5-48e7-908a-cc18833cb8cd,032b8661-cc3f-4d3c-b388-fae7c720a0e8,segment,87,INJECTOR_1,In1.Cu,2.0,"[31.8, 126.2]","[31.8, 126.3]",,False
exact_duplicate,ac46d3f4-683d-4021-9174-1620833f35ee,2e7ca1b2-fbdc-4a1a-bcd0-ee0e0f996f24,segment,87,INJECTOR_1,In1.Cu,2.0,"[34.4, 129.1]","[34.5, 129.0]",,False
exact_duplicate,aeef178a-2eea-41b4-a703-e860fab19c12,30e0f703-690c-42f3-8568-01290b356adf,segment,176,VCC_5,B.Cu,0.6,"[76.8, 106.8]","[76.8, 106.9]",,False
exact_duplicate,b1bdfbe3-a682-42c9-a1a3-5d1dabfced06,2ef99b36-8420-4c83-9776-ff82c8372da0,segment,184,WB1_RELAY_LOW,B.Cu,1.2,"[65.8, 15.6]","[65.9, 15.6]",,False
exact_duplicate,b1bfc20f-83bd-4f8d-b3bf-12c312a0d61c,9c20412c-b9f1-456a-b468-1240f08138d9,segment,184,WB1_RELAY_LOW,B.Cu,1.2,"[65.5, 15.4]","[65.6, 15.5]",,False
exact_duplicate,b2858374-3be7-41a3-b07c-239f80395ee9,65aedfc9-a792-44d5-bbdb-f76d71b1e9dc,segment,83,IAC,F.Cu,1.2,"[37.3, 38.7]","[37.4, 38.6]",,False
exact_duplicate,b2edc435-68f2-49f0-8c01-15095d1a7318,96b4ba5d-af32-49e7-8073-0574ff91d772,segment,177,VDDA_5,F.Cu,0.6,"[95.6, 43.8]","[95.6, 43.7]",,False
exact_duplicate,b321091b-fb46-4ec2-9504-31555887d73d,775b0ff2-091e-4c08-9e22-f5778227efad,segment,170,TRANS_EPC,B.Cu,1.2,"[78.0, 40.2]","[79.0, 40.2]",,False
exact_duplicate,b5fa8507-1a12-4fc5-9367-19d9b5dd2184,268c6bb5-2c8b-409f-9aa3-afc4b559f0b7,segment,116,MIL,In4.Cu,1.2,"[22.9, 31.0]","[22.9, 30.8]",,False
exact_duplicate,b70acfab-5ada-4d7e-afa8-772f6ffee15a,abeef2a8-1e43-424c-a7b3-6fba6460b562,segment,184,WB1_RELAY_LOW,B.Cu,1.2,"[62.7, 15.3]","[65.3, 15.3]",,False
exact_duplicate,b771d613-7b0a-4555-be4d-9185c22540b8,6bbdfce7-2b2f-4d5a-ab03-7496bf2b6df8,segment,87,INJECTOR_1,In1.Cu,2.0,"[36.9, 114.7]","[36.9, 114.6]",,False
exact_duplicate,b7ffc68c-8cbb-424d-9f3e-7428de23c26f,0a348833-7c41-4278-b968-ba8b879ca1f7,segment,170,TRANS_EPC,B.Cu,1.2,"[76.9, 40.9]","[76.8, 41.0]",,False
exact_duplicate,b89bc531-f629-4ba3-87c3-3c32521da606,5e437631-edee-4ed6-83b6-9637b2331894,segment,88,INJECTOR_2,In4.Cu,2.0,"[108.4, 27.4]","[108.3, 27.5]",,False
exact_duplicate,b8c67415-85cc-431e-8648-66f8db355fca,88681735-a27e-4789-8904-e1d14b8406bf,segment,177,VDDA_5,F.Cu,0.6,"[95.7, 43.9]","[95.6, 43.8]",,False
exact_duplicate,b94b1365-9226-45ce-b1cd-75b5962ec907,7a38af44-dfd7-4d05-972a-c16d049a6307,segment,170,TRANS_EPC,B.Cu,1.2,"[79.1, 40.1]","[79.0, 40.2]",,False
exact_duplicate,b9743202-8e6b-4101-818b-c1e63c67c125,04f6da53-5d10-4cc7-9f86-dc6b77d81ef7,segment,87,INJECTOR_1,In1.Cu,2.0,"[34.2, 129.2]","[33.4, 129.2]",,False
exact_duplicate,ba1ccda5-081b-4fcd-ba12-6686a20c0770,4f4088c6-cae0-4cca-9280-9cfcb1eefaef,segment,184,WB1_RELAY_LOW,B.Cu,1.2,"[68.8, 15.5]","[68.9, 15.5]",,False
exact_duplicate,bb7ad4e9-186d-4a37-bc06-0e3b50b5e152,225ab8bb-8b64-4d7b-a08f-2b6575ea7499,segment,87,INJECTOR_1,In1.Cu,2.0,"[32.0, 120.1]","[31.9, 120.2]",,False
exact_duplicate,bc3ab43c-4c38-4765-8227-9148c4dc1d46,241b2d4e-e7d3-4db4-a6ba-61795a2f81b2,segment,116,MIL,In2.Cu,1.2,"[23.8, 148.4]","[24.0, 148.4]",,False
exact_duplicate,bcd01cab-0e92-4645-ac63-618544f64ea6,786ecf1c-f25d-4331-b467-0539689d92e2,segment,184,WB1_RELAY_LOW,B.Cu,1.2,"[65.6, 15.5]","[65.7, 15.5]",,False
exact_duplicate,bd1e332d-2df0-48fe-b25b-0ee77fa6cb6b,85a4d9a4-3fbc-4b8d-a8ce-62e6bb6bc716,segment,184,WB1_RELAY_LOW,B.Cu,1.2,"[70.0, 14.5]","[70.0, 14.4]",,False
exact_duplicate,bdc59288-7aeb-4e59-8a72-5f878070a487,1358c642-0f32-4a50-98a9-5573058ad7c8,segment,184,WB1_RELAY_LOW,B.Cu,1.2,"[68.9, 15.5]","[69.0, 15.4]",,False
exact_duplicate,bff41160-7f0c-4594-bb68-446a10cdba56,264b6bf9-648d-4bed-ae22-8c6b2816204c,segment,170,TRANS_EPC,B.Cu,0.6,"[89.17, 33.948]","[89.2, 33.9]",,False
exact_duplicate,c22454d8-a9c5-4f2e-ad6e-f67a19dbbe09,98a43934-80ec-4cc8-8ef4-862fd82067bf,segment,180,VREF_FILTER,In3.Cu,0.6,"[84.7, 54.3]","[84.7, 54.4]",,False
exact_duplicate,c23d4811-2703-46a4-b859-ed08c181451b,b0f7cadb-5f6e-4aa6-9f18-3b820527e3a4,segment,170,TRANS_EPC,B.Cu,1.2,"[75.5, 41.2]","[76.3, 41.2]",,False
exact_duplicate,c29f53b2-66f3-4d57-9db0-4785f8f7ece4,8f3f839c-0cdf-4bca-80b2-ccfeeb7e6217,segment,94,INJECTOR_8,In3.Cu,2.0,"[42.0, 79.7]","[42.0, 79.6]",,False
exact_duplicate,c2cf2edd-29c2-410a-80fe-4ac58b08fbe7,1723bfc7-a37c-4104-ab90-458e465d80fc,segment,83,IAC,F.Cu,1.2,"[37.2, 38.7]","[37.3, 38.7]",,False
exact_duplicate,c383f9ac-2a6a-47a7-8310-34958f480181,722deae7-1694-4c54-9e45-f57f6fb7affa,segment,87,INJECTOR_1,In1.Cu,2.0,"[36.9, 114.7]","[36.8, 114.8]",,False
exact_duplicate,c4381e18-4cbd-4d21-b5f4-37ac2f0dfef2,aaace776-60e8-47dd-b37b-fb661c5e596d,segment,170,TRANS_EPC,B.Cu,1.2,"[87.3, 35.8]","[83.6, 35.8]",,False
exact_duplicate,c641e9ca-6f8a-4977-834e-8fb57aac42ac,21a87c6c-1238-42b0-bf72-ff38a46fade6,segment,170,TRANS_EPC,B.Cu,1.2,"[76.4, 41.1]","[76.3, 41.2]",,False
exact_duplicate,c7f29872-2032-49a1-a29e-352a0d5247f3,6369dd55-4054-4636-9950-6ec6843c0487,segment,87,INJECTOR_1,In1.Cu,2.0,"[32.1, 127.9]","[32.0, 127.8]",,False
exact_duplicate,c8fc81db-cb7b-4091-9c23-7a7462edc1be,bbb90876-1d9f-400d-95ce-9df70b95bad0,segment,177,VDDA_5,F.Cu,0.6,"[95.2, 43.3]","[95.1, 43.2]",,False
exact_duplicate,c9153103-81a7-423c-b87d-f3326dd23454,3d3085f2-6098-485f-bf42-0dd376d1a535,segment,177,VDDA_5,F.Cu,0.6,"[94.3, 43.2]","[94.2, 43.3]",,False
exact_duplicate,c95143a6-44d7-4f05-99be-9931f3cc1986,14daa8a6-6a4b-4641-8fed-dffe44086b79,segment,116,MIL,In2.Cu,1.2,"[22.5, 147.7]","[22.6, 147.7]",,False
exact_duplicate,c9bb9322-76ef-4e49-b413-68c51c9a6728,5752f31f-c71a-4bcb-9eae-a1304da9e8c9,segment,170,TRANS_EPC,B.Cu,1.2,"[79.3, 40.1]","[79.1, 40.1]",,False
exact_duplicate,c9d6b903-da33-47a7-8372-737ea30119ce,7584b98f-329b-41fa-b27c-4d3dde37384b,segment,87,INJECTOR_1,In1.Cu,2.0,"[34.3, 129.1]","[34.2, 129.2]",,False
exact_duplicate,cbb6cb1f-d727-49b4-8bba-1849b3c3b1b7,577f2f9f-eb0e-4393-b0d9-629f81315eb1,segment,180,VREF_FILTER,In3.Cu,0.6,"[84.7, 55.0]","[84.7, 55.1]",,False
exact_duplicate,cc44fb48-69e1-4dc1-997c-0b142fb8b9f6,075c8774-284a-4954-a6fc-59e99e006049,segment,177,VDDA_5,F.Cu,0.6,"[94.5, 43.1]","[94.4, 43.2]",,False
exact_duplicate,cc780aab-b173-4c98-9bed-4c8765ec1dff,696c87c7-cc24-48b4-aad9-5818c4f9060b,segment,177,VDDA_5,F.Cu,0.6,"[94.4, 43.2]","[94.3, 43.2]",,False
exact_duplicate,cd757584-196d-4105-bbba-57023f26e993,89303f01-f09d-4132-b001-d94647e14172,segment,87,INJECTOR_1,In1.Cu,2.0,"[31.7, 126.0]","[31.7, 126.1]",,False
exact_duplicate,cd8c06e9-6c41-4c67-9740-843722ac5e68,b43df8b4-9cf3-4de8-bdf4-328e22dc3339,segment,170,TRANS_EPC,B.Cu,1.2,"[77.7, 40.5]","[78.0, 40.2]",,False
exact_duplicate,cdafdfb0-afc5-4170-8c23-8a69d7cab167,22af850f-c97e-433b-a77b-971856424596,segment,176,VCC_5,F.Cu,0.25,"[110.6075, 32.45]","[110.6, 32.4]",,False
exact_duplicate,ce05bd54-9195-4fca-833c-f3c66a5a9ccf,50d28e7f-bbcb-4cdf-a8da-4bdc9e11dfa2,segment,180,VREF_FILTER,In3.Cu,0.6,"[84.8, 54.2]","[84.7, 54.3]",,False
exact_duplicate,cf1ac50f-e833-4209-9b6e-6a1fd4679d70,3fbbd95a-f72c-4d17-8474-dbc8e23478fc,segment,87,INJECTOR_1,In1.Cu,2.0,"[31.7, 123.8]","[31.6, 123.9]",,False
exact_duplicate,d023a70f-4c5a-4207-b317-161da3992b64,14fcf2fb-baa0-4700-976f-a5e5c0b813d2,segment,87,INJECTOR_1,In1.Cu,2.0,"[32.9, 128.9]","[33.0, 129.0]",,False
exact_duplicate,d033b8bc-1fdc-4f5e-9443-5c1d44effcec,c9a031a4-8eb2-4f51-9d28-c076908b39f0,segment,87,INJECTOR_1,In1.Cu,2.0,"[31.8, 126.3]","[31.9, 126.4]",,False
exact_duplicate,d0d4ee75-240d-4d29-967d-16d117859c01,30f21501-4abb-408a-9257-ed048ec30203,segment,180,VREF_FILTER,In3.Cu,0.6,"[84.7, 55.1]","[84.8, 55.2]",,False
exact_duplicate,d106c523-350c-42b7-91e1-14d200318d77,3cec1306-5c72-4ac8-824f-86438a2e9ee6,segment,83,IAC,F.Cu,1.2,"[37.7, 38.5]","[37.9, 38.3]",,False
exact_duplicate,d117fac1-6deb-4f23-b040-dc298203b5a2,1a07f855-7d35-4e6c-83dd-33aa58e2909e,segment,94,INJECTOR_8,In3.Cu,2.0,"[49.8, 71.6]","[49.8, 69.9]",,False
exact_duplicate,d1ec509b-fe82-4780-be73-2df5ae042c8f,a6a923f1-a698-4577-aded-0e2ac06b55bc,segment,1,ACTUATOR_12,F.Cu,4.0,"[44.5, 121.2]","[44.5, 119.7]",,False
exact_duplicate,d46c0337-8160-4496-94e0-b3f3885de536,99e34bab-14b9-41cd-8bcd-464ca4f10ede,segment,87,INJECTOR_1,In1.Cu,2.0,"[31.9, 126.4]","[31.9, 126.5]",,False
exact_duplicate,d6d15eb6-d8d8-4814-88f3-93f835c7e7b6,d4478c48-7c20-40cf-be37-b5e3e8366d46,segment,87,INJECTOR_1,In1.Cu,2.0,"[33.2, 129.1]","[33.1, 129.0]",,False
exact_duplicate,d6e4a680-ac1d-45b6-81b9-37e7867990c8,b0db4a8b-5f84-40d9-b572-a2de089c2c08,segment,170,TRANS_EPC,B.Cu,1.2,"[77.4, 40.7]","[77.6, 40.5]",,False
exact_duplicate,d7bde6a0-c01f-44c5-abb8-d0b5a0744f17,386def47-0cc7-460a-b658-b226db6efdd4,segment,184,WB1_RELAY_LOW,B.Cu,1.2,"[65.3, 15.3]","[65.4, 15.4]",,False
exact_duplicate,d7f9bf6a-854e-4b23-847e-020ee2a90c55,93aab421-18ea-431e-b467-2291d43701c6,segment,176,VCC_5,B.Cu,0.6,"[76.9, 105.0]","[76.8, 105.1]",,False
exact_duplicate,d8a51657-9cc7-4f29-a954-c9fb7570ffe0,999122c3-ddcd-4b15-a85a-a5599cef6923,segment,177,VDDA_5,F.Cu,0.6,"[95.3, 43.3]","[95.2, 43.3]",,False
exact_duplicate,d8bb65cf-5ea2-4c52-92a9-60ffe4274b8b,85d04a3c-b569-4bd2-a989-0cf557b6f604,segment,94,INJECTOR_8,In3.Cu,2.0,"[49.7, 65.7]","[49.7, 65.6]",,False
exact_duplicate,d927b391-53f6-4c29-b688-c29b55b2b844,3d815414-1047-4776-aa2b-66f20cf1f656,segment,83,IAC,F.Cu,1.2,"[37.4, 38.6]","[37.5, 38.6]",,False
exact_duplicate,d9e859ce-4498-4003-af15-f0fd47683403,39408e5a-672e-4559-8a4e-f6a35f3d40ab,segment,170,TRANS_EPC,B.Cu,1.2,"[77.2, 40.8]","[77.3, 40.7]",,False
exact_duplicate,dadf0315-c05f-4352-a3fc-8ce55cbca6cf,6fd87b11-7936-4401-8f00-774a662f1b48,segment,176,VCC_5,B.Cu,0.6,"[76.7, 106.7]","[76.8, 106.8]",,False
exact_duplicate,daea9a44-baf2-49fd-a62e-d76919f14203,5c360311-ef36-45d0-940d-629617ce9457,segment,87,INJECTOR_1,In1.Cu,2.0,"[33.3, 129.1]","[33.4, 129.2]",,False
exact_duplicate,dbbddd28-8ef9-4226-8cb5-5cd3fd837ad6,7c612840-6f67-4923-a709-c3ec1a6be8f2,segment,116,MIL,In2.Cu,1.2,"[23.8, 148.4]","[23.7, 148.3]",,False
exact_duplicate,dc069ac4-5faa-4259-ab7d-8cbc3e768f79,b640b9c6-49d1-4343-9dfa-e5b7fad13076,segment,116,MIL,In4.Cu,1.2,"[22.8, 30.7]","[22.8, 30.1]",,False
exact_duplicate,dcab76be-e8ae-44b8-830c-d58ef17d2a30,2bf40187-d6f6-4e63-a8e0-92e78ff04a70,segment,1,ACTUATOR_12,F.Cu,4.0,"[44.5, 121.2]","[44.4, 121.3]",,False
exact_duplicate,dcf682f9-41c9-4d52-aaa5-ea7b4d79934d,24e397f7-1342-489b-a5fa-2ed562c684e4,segment,180,VREF_FILTER,In3.Cu,0.6,"[84.6, 54.9]","[84.7, 55.0]",,False
exact_duplicate,ddfe80a0-0254-4d36-beca-35adfc4be5b0,42026682-efbd-46ea-bceb-939cb2e10c1e,segment,116,MIL,In2.Cu,1.2,"[23.3, 148.2]","[23.4, 148.2]",,False
exact_duplicate,de89a1b1-0bf1-42a6-b488-ba234552d391,d9883d6c-33d5-4d37-9950-295cebb3c273,segment,116,MIL,In2.Cu,1.2,"[23.1, 148.1]","[23.2, 148.1]",,False
exact_duplicate,dee98b0c-093b-40d8-9ef6-1082fb5c10d1,74712352-3f71-4c7b-9731-9e949164710d,segment,184,WB1_RELAY_LOW,B.Cu,1.2,"[66.2, 15.8]","[66.4, 15.8]",,False
exact_duplicate,def09820-43f0-4f4d-b227-9c288db02d90,2153afbe-ba8d-4c14-8ad1-8657dfd6cd2b,segment,94,INJECTOR_8,In3.Cu,2.0,"[49.8, 69.9]","[49.7, 69.8]",,False
exact_duplicate,df1e75a9-6794-4bc2-9659-3d4c73d256a3,c8ed1382-3fe9-43b5-89f1-012f9383e632,segment,184,WB1_RELAY_LOW,B.Cu,1.2,"[68.7, 15.6]","[68.8, 15.5]",,False
exact_duplicate,e1bfc14f-0a9b-4446-b7aa-29f6ee22ca4f,dc666e2c-638d-4e64-abc3-c044fa2352ad,segment,1,ACTUATOR_12,In2.Cu,4.0,"[41.2, 57.8]","[41.2, 57.3]",,False
exact_duplicate,e1ff6648-2d25-4b35-9bb7-433e753f79c7,3b6a757c-9fe1-462e-a096-6685746225a1,segment,87,INJECTOR_1,In1.Cu,2.0,"[31.6, 125.9]","[31.6, 123.9]",,False
exact_duplicate,e21a3261-f005-4690-9916-fad3b88ffff0,494f260a-4464-4665-be08-bb0f4dad2973,segment,176,VCC_5,B.Cu,0.6,"[76.7, 106.5]","[76.7, 106.7]",,False
exact_duplicate,e2688460-519e-489b-a595-c12e83e92051,4395e919-c12d-4c94-a1a3-32ac08cf4849,segment,176,VCC_5,B.Cu,0.6,"[77.1, 107.3]","[77.1, 107.4]",,False
exact_duplicate,e280d69f-d64c-45f5-8fb4-57235299f68a,459380ea-5268-4e9b-a8bd-2448d20e855b,segment,88,INJECTOR_2,In4.Cu,2.0,"[108.4, 27.3]","[108.4, 27.4]",,False
exact_duplicate,e3588cc1-c678-45d4-bc6b-a9cf78fd9a08,cce17344-8081-41a3-93b7-9c7426cb8cc4,segment,184,WB1_RELAY_LOW,B.Cu,1.2,"[65.7, 15.5]","[65.8, 15.6]",,False
exact_duplicate,e3dbf0cb-5e62-4793-972f-e59bfc54312e,79910cb9-e657-43dd-a592-62bcd67de317,segment,184,WB1_RELAY_LOW,B.Cu,1.2,"[62.4, 15.2]","[62.6, 15.2]",,False
exact_duplicate,e3fa0da3-b73a-4ee7-9c6f-8277f4d12300,11b17bdb-4b19-4e93-9899-75652d92a74f,segment,176,VCC_5,B.Cu,0.6,"[76.8, 105.1]","[76.8, 105.2]",,False
exact_duplicate,e504e425-d63a-4a30-bb37-c0176ad84c15,9ae74930-2d22-42b6-a4a9-f30d3d9eb307,segment,89,INJECTOR_3,B.Cu,2.0,"[117.4, 24.7]","[117.4, 24.8]",,False
exact_duplicate,e5a2e7ae-e834-4d8a-850d-fdeb00f59a28,c76a76e1-6df0-4e60-ad70-1d17c5c5570f,segment,170,TRANS_EPC,B.Cu,1.2,"[76.8, 41.0]","[76.7, 41.0]",,False
exact_duplicate,e680446b-57cb-471d-a262-5b48778d146e,2ea78064-16e7-452e-bd6e-32651843d956,segment,184,WB1_RELAY_LOW,B.Cu,1.2,"[68.0, 15.8]","[68.2, 15.8]",,False
exact_duplicate,e6bf05c8-dc7d-40b8-9f31-b8042c9fa793,b947b928-a544-4a59-b6c3-4ef07f376113,segment,116,MIL,In2.Cu,1.2,"[23.7, 148.3]","[23.5, 148.3]",,False
exact_duplicate,e74b4212-fd55-440e-9809-af2d4c92f25e,e5bec49b-6c36-4ae3-a0e2-5dd6277da697,segment,176,VCC_5,B.Cu,0.6,"[76.9, 104.9]","[76.9, 105.0]",,False
exact_duplicate,e77fdc1b-2186-4078-a804-7e71697fae69,285ebe47-669d-4182-8b9d-9a2f2e78c822,segment,83,IAC,F.Cu,1.2,"[36.8, 38.8]","[37.1, 38.8]",,False
exact_duplicate,e7ba6216-ce9c-4983-a3de-c07c8acc6520,06499e10-a2f1-4772-85bf-f20f98c8da35,segment,176,VCC_5,B.Cu,0.6,"[77.1, 104.6]","[77.1, 104.7]",,False
exact_duplicate,e9086dbe-424c-48eb-95d3-84378becccac,0e3cd5bd-74ff-4075-9a99-4ef48061569e,segment,61,COIL_4,B.Cu,3.0,"[91.6, 41.1]","[91.5, 41.0]",,False
exact_duplicate,e95827e5-2926-4775-b385-d0cae16ebc80,49c0847e-494b-4dd3-94ca-d06707530dd1,segment,87,INJECTOR_1,In1.Cu,2.0,"[31.9, 126.5]","[32.0, 126.6]",,False
exact_duplicate,e9f5bb9b-e2c0-4ace-9824-e6fab968505b,393a34fe-e1eb-42ee-b3d7-eb161475e3df,segment,176,VCC_5,B.Cu,0.6,"[76.6, 106.4]","[76.7, 106.5]",,False
exact_duplicate,ea1cfde7-88e6-4319-9f34-6a9a190eea2c,e088db24-0b4d-4736-bd1d-cfd295fa5303,segment,87,INJECTOR_1,In1.Cu,2.0,"[31.8, 126.2]","[31.7, 126.1]",,False
exact_duplicate,ea47f03e-f1ae-48d9-a48f-6e8549712de3,535734fc-9306-455e-9a8a-50725bcda4aa,segment,184,WB1_RELAY_LOW,B.Cu,1.2,"[66.0, 15.7]","[66.1, 15.7]",,False
exact_duplicate,ea6ff43b-edb3-4401-a948-e6ab406842a2,5c4741ad-5557-4756-be09-952f62ee103d,segment,88,INJECTOR_2,In4.Cu,2.0,"[108.3, 27.5]","[108.3, 27.6]",,False
exact_duplicate,eb952078-04b6-4482-a47f-7f137eaca9f1,5758f2bb-e9ec-4cee-bc50-dcbf6e1929ac,segment,87,INJECTOR_1,In1.Cu,2.0,"[34.3, 129.1]","[34.4, 129.1]",,False
exact_duplicate,eba502a8-f2b2-4715-9d35-7fec113479a2,5531092a-8e94-4e97-aa44-5e6c0485c6cf,segment,170,TRANS_EPC,B.Cu,1.2,"[83.6, 35.8]","[79.3, 40.1]",,False
exact_duplicate,ecb9f9f9-7145-49e5-b155-b9bed22c3573,d4e63ab0-7ea7-453d-acd6-c076bbfa9be2,segment,25,AUX_TACH,F.Cu,1.2,"[57.8, 117.0]","[57.6, 117.0]",,False
exact_duplicate,eccea565-3676-4df7-bab7-ca7b3d21226e,81bb879f-05a8-4301-9031-48850bf2ffac,segment,184,WB1_RELAY_LOW,B.Cu,1.2,"[65.9, 15.6]","[66.0, 15.7]",,False
exact_duplicate,ed675680-7a07-43d4-ae45-3daa8cf01d4a,986d2836-03bf-4330-8399-836109178cf2,segment,94,INJECTOR_8,In3.Cu,2.0,"[42.2, 79.3]","[42.2, 79.2]",,False
exact_duplicate,ede064e2-d10b-4ec7-87fc-0e9ff17ce487,34ff43a3-cfab-4a97-b65c-becb74b3e311,segment,87,INJECTOR_1,In1.Cu,2.0,"[32.1, 128.0]","[32.2, 128.1]",,False
exact_duplicate,ef6e9078-ac76-46c4-ae9f-77687fbc4e54,c986b92a-5a77-43d8-8815-b9619d60cbc0,segment,176,VCC_5,B.Cu,0.6,"[76.8, 105.2]","[76.7, 105.3]",,False
exact_duplicate,f01ea5f1-ca29-4fc6-85ff-34ea2615af54,2bab11d3-7577-4c6d-b7e7-ac84c73615d3,segment,184,WB1_RELAY_LOW,B.Cu,1.2,"[68.2, 15.8]","[68.3, 15.7]",,False
exact_duplicate,f07b5823-7265-4dcf-8e9b-bf72eb5df183,db28e8c7-3147-4912-acfa-f4db44799158,segment,116,MIL,In2.Cu,1.2,"[23.5, 148.3]","[23.4, 148.2]",,False
exact_duplicate,f0b470f2-7763-45ee-b6bb-d3080824985b,bfd21006-dfa8-44ce-9a00-77afaa6fa22b,segment,87,INJECTOR_1,In1.Cu,2.0,"[32.0, 120.0]","[32.0, 120.1]",,False
exact_duplicate,f0cea68e-36f9-4e4d-8b00-b7f92481e5e8,7930ffd5-a343-4f34-ab40-f6081cbd0d2f,segment,87,INJECTOR_1,In1.Cu,2.0,"[32.2, 128.1]","[32.2, 128.2]",,False
exact_duplicate,f10dc235-6753-42c9-b982-53812cb52665,c9db6fb1-7eab-45fc-8137-b48c7a8b3d40,segment,83,IAC,F.Cu,0.6,"[40.2, 35.9]","[40.17, 35.948]",,False
exact_duplicate,f37020f6-2ebc-432a-a1b4-7b6852e15fb1,21fbbdde-cc34-4fce-b48a-8e189383bd54,segment,179,VREF_5,In2.Cu,0.6,"[84.6, 22.0]","[84.6, 21.9]",,False
exact_duplicate,f57f3a6d-4e71-4b11-a711-4e82b5bd5d20,c17bd677-e669-4515-a3a4-da68d677dfe9,segment,184,WB1_RELAY_LOW,B.Cu,1.2,"[69.0, 15.4]","[69.1, 15.4]",,False
exact_duplicate,f5c92f6e-8630-424f-a224-163201ae2dcf,3a3fc6fe-135d-4359-af5a-b2d20e1d6f79,segment,61,COIL_4,In2.Cu,3.0,"[56.5, 30.7]","[56.7, 30.9]",,False
exact_duplicate,f71c0cd5-9718-4025-bd2f-35cbf996d3c5,47055ad8-b348-48fe-9dca-891ac7489e78,segment,94,INJECTOR_8,In3.Cu,2.0,"[42.2, 79.2]","[49.8, 71.6]",,False
exact_duplicate,f81fe586-3416-4227-b6ee-28a4e3bd8b71,26f76629-3248-4a42-ab1f-f8eabf5d7f2e,segment,177,VDDA_5,F.Cu,0.6,"[95.0, 43.2]","[94.9, 43.1]",,False
exact_duplicate,f9bd4790-0976-462c-b2eb-8118b5f7db6a,01c52107-1b77-4302-86fb-54117054bace,segment,83,IAC,F.Cu,1.2,"[38.8, 37.6]","[38.8, 37.5]",,False
exact_duplicate,f9c1f47a-7430-4f06-bb0e-6f25fb8fc4e1,1dc3fa34-93d9-4a6b-ac58-60ddb078afae,segment,184,WB1_RELAY_LOW,B.Cu,1.2,"[66.4, 15.8]","[66.5, 15.9]",,False
exact_duplicate,fad57545-d780-478d-8ec2-5c6e7bc096dc,c42c1573-c86c-40f0-ab4b-1a4579407d7b,segment,94,INJECTOR_8,B.Cu,2.0,"[79.5, 30.3]","[79.4, 30.3]",,False
exact_duplicate,fb80baaf-5058-41c9-a0c0-580936428bfa,74508725-fbe0-4047-81af-1714e9096000,segment,83,IAC,F.Cu,1.2,"[38.8, 37.5]","[38.9, 37.4]",,False
exact_duplicate,fcf98f0d-7e99-4fa1-9c58-5d3ce6844a55,ead1ed88-d5cc-4acb-ae14-f9fba286906e,segment,170,TRANS_EPC,B.Cu,1.2,"[76.6, 41.1]","[76.4, 41.1]",,False
exact_duplicate,fde45eb8-9411-481e-95d5-66ed1ffcde12,b83d8755-86f8-4e34-944e-6f7e9fe5d8a3,segment,94,INJECTOR_8,In3.Cu,2.0,"[49.6, 68.1]","[49.6, 65.8]",,False
exact_duplicate,ff975f46-57db-4ee8-92c4-fab75cac0575,d5a875bb-9415-4bfb-a7dd-38d1937ea85d,segment,116,MIL,In2.Cu,1.2,"[22.8, 147.9]","[22.6, 147.7]",,False
exact_duplicate,ffdf2943-60b2-4019-9e9e-02190198b34b,219dfe4f-bb07-4966-a2a4-90b2656ac95f,segment,116,MIL,In2.Cu,1.2,"[22.9, 147.9]","[23.1, 148.1]",,False
zero_length,0323e890-f92f-41ad-b234-169079e07051,,segment,61,COIL_4,In2.Cu,0.6,"[111.4, 22.9]","[111.4, 22.9]",,False
zero_length,0328fcc9-3c8b-42d6-931b-e901ac55cc53,,segment,94,INJECTOR_8,F.Cu,0.6,"[32.7, 60.4]","[32.7, 60.4]",,False
zero_length,057887b0-0380-4abd-8a1e-42538317aef0,,segment,178,VPWR,In1.Cu,0.6,"[99.1, 24.7]","[99.1, 24.7]",,False
zero_length,0599fa41-db39-4bd7-9a5e-723888fcda46,,segment,178,VPWR,In1.Cu,0.6,"[97.4, 26.4]","[97.4, 26.4]",,False
zero_length,067ccd40-a920-4adc-88e7-ebef725458f4,,segment,170,TRANS_EPC,In4.Cu,0.6,"[61.4, 137.8]","[61.4, 137.8]",,False
zero_length,0a07241e-f5a3-455f-9755-55f21af6b8ad,,segment,170,TRANS_EPC,In4.Cu,0.6,"[72.9, 149.7]","[72.9, 149.7]",,False
zero_length,0ef32453-8e45-4ee1-9114-cfc841871b21,,segment,176,VCC_5,In2.Cu,0.6,"[38.4, 91.5]","[38.4, 91.5]",,False
zero_length,0ffc199e-1e26-430a-8bb8-7fd92f124cda,,segment,178,VPWR,F.Cu,0.6,"[99.1, 16.0]","[99.1, 16.0]",,False
zero_length,12f54b31-4c4d-4cc1-ba88-4d29a4510959,,segment,94,INJECTOR_8,B.Cu,0.6,"[81.1, 20.6]","[81.1, 20.6]",,False
zero_length,159ec333-5e8a-44f1-8ad9-6fe87f59931b,,segment,179,VREF_5,In2.Cu,0.25,"[111.3, 154.0]","[111.3, 154.0]",,False
zero_length,1616dd50-c081-4009-b536-3b63a318faef,,segment,126,RAW_12,In1.Cu,0.8,"[29.9, 89.4]","[29.9, 89.4]",,False
zero_length,179bbc85-0bf0-4091-bfc1-69c5cf89f6a2,,segment,25,AUX_TACH,In2.Cu,0.8,"[76.6, 160.3]","[76.6, 160.3]",,False
zero_length,18348fb6-bb94-4d3d-a684-18288838a148,,segment,126,RAW_12,B.Cu,0.25,"[75.4, 71.6]","[75.4, 71.6]",,False
zero_length,1e76c918-82f2-4fe3-8a66-034af4085981,,segment,66,DGND,F.Cu,0.25,"[90.6, 16.6]","[90.6, 16.6]",,False
zero_length,1f9534b2-8d65-44f8-b2f5-410e5d9fb786,,segment,7,AC_WOT_CUTOUT,B.Cu,0.6,"[47.8, 122.4]","[47.8, 122.4]",,False
zero_length,21705362-fe84-4c36-a1d3-746cfb25edaf,,segment,7,AC_WOT_CUTOUT,B.Cu,0.6,"[39.2, 122.6]","[39.2, 122.6]",,False
zero_length,26a8042e-cce4-4df9-9f6a-c29adf09804e,,segment,126,RAW_12,In1.Cu,0.8,"[33.1, 112.8]","[33.1, 112.8]",,False
zero_length,281a21ab-ace5-450a-a35d-ea432e1318c4,,segment,79,FUEL_PUMP_CONTROL,B.Cu,0.6,"[35.8, 31.7]","[35.8, 31.7]",,False
zero_length,2fab6044-176e-4be7-af33-9526c14f6bb7,,segment,88,INJECTOR_2,In4.Cu,0.6,"[44.3, 94.4]","[44.3, 94.4]",,False
zero_length,319057a2-5a38-4e73-ba8d-473313137313,,segment,93,INJECTOR_7,In5.Cu,0.6,"[113.5, 35.8]","[113.5, 35.8]",,False
zero_length,33ca371a-7b5d-4270-9424-5afff69c721f,,segment,93,INJECTOR_7,In1.Cu,0.6,"[57.7, 61.3]","[57.7, 61.3]",,False
zero_length,35abfcd0-d277-4086-8356-65cec065284f,,segment,1,ACTUATOR_12,B.Cu,0.8,"[42.4, 112.8]","[42.4, 112.8]",,False
zero_length,3826f6bf-3988-4bda-8a68-bf3438e3297f,,segment,66,DGND,F.Cu,0.25,"[85.3, 40.2]","[85.3, 40.2]",,False
zero_length,39b6fe91-28b3-44dd-a2c7-629c438d9364,,segment,83,IAC,B.Cu,0.6,"[34.6, 39.8]","[34.6, 39.8]",,False
zero_length,3a4bb520-0b76-4e1c-81ff-761b3d461a29,,segment,83,IAC,In2.Cu,0.6,"[21.9, 20.3]","[21.9, 20.3]",,False
zero_length,3cd0479e-1005-45d0-9a9a-30bbee391dba,,segment,66,DGND,F.Cu,0.6,"[85.8, 39.7]","[85.8, 39.7]",,False
zero_length,3e7bc951-8cc5-439d-83a6-0146f808698d,,segment,184,WB1_RELAY_LOW,B.Cu,0.6,"[60.9, 15.0]","[60.9, 15.0]",,False
zero_length,46fec1ff-d8b2-4f4e-8715-cfe33f66a766,,segment,87,INJECTOR_1,In1.Cu,0.6,"[37.2, 114.3]","[37.2, 114.3]",,False
zero_length,4772cca2-5f89-4d92-b871-ff323ad9f8d1,,segment,61,COIL_4,In2.Cu,0.6,"[109.7, 29.7]","[109.7, 29.7]",,False
zero_length,49c152a3-f77d-4edb-af7f-26ccaa21d2e2,,segment,116,MIL,F.Cu,0.6,"[25.4, 33.4]","[25.4, 33.4]",,False
zero_length,4c1fdf4d-97af-4762-b2eb-7cf8272e440b,,segment,172,TRANS_SS1,In2.Cu,0.6,"[9.2, 18.2]","[9.2, 18.2]",,False
zero_length,4e2a27c0-d5b3-4342-b3b5-a7efc2e40da5,,segment,179,VREF_5,F.Cu,0.25,"[58.9, 20.0]","[58.9, 20.0]",,False
zero_length,4e5d4e00-6ec6-4fbf-b75e-15055a9ca9a2,,segment,61,COIL_4,In2.Cu,0.6,"[56.5, 30.7]","[56.5, 30.7]",,False
zero_length,4f385d73-7756-4150-adf1-fd9502089e62,,segment,130,SGND,F.Cu,0.6,"[129.3, 97.6]","[129.3, 97.6]",,False
zero_length,4f5afdb6-81cc-4a7a-8587-df9ee1de3433,,segment,178,VPWR,F.Cu,0.6,"[14.7, 22.9]","[14.7, 22.9]",,False
zero_length,50adbe94-28f8-4a6c-8314-340ca7cddcb2,,segment,25,AUX_TACH,F.Cu,0.6,"[53.0, 112.3]","[53.0, 112.3]",,False
zero_length,50c86704-bc25-4642-8a58-9c0ba4970fe7,,segment,25,AUX_TACH,F.Cu,0.6,"[56.4, 115.8]","[56.4, 115.8]",,False
zero_length,513b108d-23bb-4990-9ff3-bcd8dcaadad5,,segment,88,INJECTOR_2,In4.Cu,0.6,"[108.7, 24.2]","[108.7, 24.2]",,False
zero_length,5172c7ca-c55e-40ca-9f57-22b35a00ea88,,segment,180,VREF_FILTER,In3.Cu,0.25,"[85.6, 46.8]","[85.6, 46.8]",,False
zero_length,5825e8d1-f46f-4844-a2f2-4cb06226ffc3,,segment,130,SGND,In1.Cu,0.25,"[86.6, 29.5]","[86.6, 29.5]",,False
zero_length,58b9a5d7-081a-4423-bc62-ba33ac62e676,,segment,90,INJECTOR_4,In1.Cu,0.6,"[21.3, 58.4]","[21.3, 58.4]",,False
zero_length,604e0c2b-4e50-4f08-8c75-c8d22ad33115,,segment,176,VCC_5,In2.Cu,0.25,"[81.1, 26.2]","[81.1, 26.2]",,False
zero_length,61381b92-01b4-4efc-88ee-8cac8ad14a63,,segment,127,REG_5,F.Cu,0.25,"[20.8, 97.8]","[20.8, 97.8]",,False
zero_length,61d00bab-59bd-4e00-b78b-cd8e5e4bcb12,,segment,66,DGND,B.Cu,0.25,"[29.7, 80.8]","[29.7, 80.8]",,False
zero_length,62867cc9-f37e-435b-baf8-b47445371f08,,segment,176,VCC_5,In1.Cu,0.6,"[115.3, 145.0]","[115.3, 145.0]",,False
zero_length,65d1cd79-c254-49e1-b513-74471751b62f,,segment,180,VREF_FILTER,In3.Cu,0.25,"[85.3, 53.0]","[85.3, 53.0]",,False
zero_length,681a696a-4495-4a14-bf45-2bb27a4be925,,segment,79,FUEL_PUMP_CONTROL,F.Cu,0.6,"[24.9, 16.0]","[24.9, 16.0]",,False
zero_length,68267b49-15d6-46e0-9413-7ed6af43030d,,segment,126,RAW_12,F.Cu,0.8,"[31.2, 89.4]","[31.2, 89.4]",,False
zero_length,6c95d66f-7bc4-40be-9fb3-789cf1a13835,,segment,66,DGND,F.Cu,0.6,"[82.6, 35.9]","[82.6, 35.9]",,False
zero_length,6cc41bd1-920e-4c20-9e87-836e0e593bf8,,segment,93,INJECTOR_7,In4.Cu,0.6,"[42.8, 46.3]","[42.8, 46.3]",,False
zero_length,6d5dba37-b4c5-4ca3-be12-f1d227d207c9,,segment,116,MIL,In4.Cu,0.6,"[22.9, 30.0]","[22.9, 30.0]",,False
zero_length,6dff7077-88da-4c1f-9a71-f92296d1e258,,segment,87,INJECTOR_1,F.Cu,0.6,"[115.0, 20.9]","[115.0, 20.9]",,False
zero_length,71e06238-cf36-4415-98f8-4585ed7fbc83,,segment,184,WB1_RELAY_LOW,In3.Cu,0.6,"[25.2, 23.2]","[25.2, 23.2]",,False
zero_length,757ee8f5-b21e-418c-9b7a-9fccaedfddd8,,segment,83,IAC,F.Cu,0.6,"[27.2, 14.4]","[27.2, 14.4]",,False
zero_length,7ae1744f-032c-40cf-8a1a-df2a2734516b,,segment,88,INJECTOR_2,In4.Cu,0.6,"[103.3, 26.4]","[103.3, 26.4]",,False
zero_length,7cbed28b-b4ea-4704-9752-5486216cc109,,segment,176,VCC_5,F.Cu,0.25,"[110.6, 77.1]","[110.6, 77.1]",,False
zero_length,7dfcd31f-70f2-42f4-8944-aa677d58a42d,,segment,130,SGND,F.Cu,0.6,"[84.6, 35.0]","[84.6, 35.0]",,False
zero_length,7e52a905-903d-4472-a330-19a9b390786e,,segment,66,DGND,B.Cu,0.6,"[60.4, 26.8]","[60.4, 26.8]",,False
zero_length,81268deb-3425-48d3-98f9-aac5c716e930,,segment,177,VDDA_5,F.Cu,0.25,"[92.3, 44.8]","[92.3, 44.8]",,False
zero_length,8971b6b5-a93b-4f27-9c83-8e13de5b61a4,,segment,1,ACTUATOR_12,F.Cu,0.6,"[50.3, 128.9]","[50.3, 128.9]",,False
zero_length,8d1b0574-03af-4d31-8a01-632b2b1821eb,,segment,130,SGND,In1.Cu,0.6,"[87.6, 32.6]","[87.6, 32.6]",,False
zero_length,90c1453d-43af-44b3-a852-f6ab3c7732ba,,segment,72,FAN_CONTROL,In2.Cu,0.6,"[56.4, 19.6]","[56.4, 19.6]",,False
zero_length,97e3958e-afdb-41c2-8c7c-27ec7bddf153,,segment,60,COIL_3,In1.Cu,0.6,"[114.8, 24.2]","[114.8, 24.2]",,False
zero_length,97f8d81f-8650-46a6-97de-311b26dabbea,,segment,59,COIL_2,F.Cu,0.6,"[46.1, 63.9]","[46.1, 63.9]",,False
zero_length,98bee70b-dd32-4224-b0c3-ce615bd13b42,,segment,130,SGND,F.Cu,0.6,"[85.6, 32.6]","[85.6, 32.6]",,False
zero_length,9c39f8cd-73ae-424f-8a5a-01d4cc70fa75,,segment,61,COIL_4,B.Cu,0.6,"[49.6, 22.9]","[49.6, 22.9]",,False
zero_length,9cd3f381-9c82-42b2-9f6a-f584af3d02b2,,segment,116,MIL,B.Cu,0.6,"[59.3, 141.5]","[59.3, 141.5]",,False
zero_length,9ea09a33-0916-41f1-bd7f-f69a43f8c07c,,segment,87,INJECTOR_1,In2.Cu,0.6,"[104.7, 24.7]","[104.7, 24.7]",,False
zero_length,9fff18d4-d04a-4f9f-bf8a-e5f1e36b31bb,,segment,87,INJECTOR_1,In2.Cu,0.6,"[81.3, 103.8]","[81.3, 103.8]",,False
zero_length,a045481c-2dd8-40fd-bbbb-4923906c4107,,segment,1,ACTUATOR_12,In2.Cu,0.6,"[41.2, 57.8]","[41.2, 57.8]",,False
zero_length,a0984111-8bea-466e-ac9f-5a0c120ec8d5,,segment,66,DGND,B.Cu,0.6,"[33.8, 127.4]","[33.8, 127.4]",,False
zero_length,a1940be0-8698-4f06-8203-c093570d7197,,segment,1,ACTUATOR_12,F.Cu,0.6,"[82.2, 27.9]","[82.2, 27.9]",,False
zero_length,a1ecdd57-beb7-415e-9a83-41c910f5468f,,segment,125,PWR_FUSED,F.Cu,0.6,"[17.6, 28.4]","[17.6, 28.4]",,False
zero_length,a2b9d2e5-a2e0-4423-8ae0-74d27f7ad57a,,segment,116,MIL,In2.Cu,0.6,"[27.4, 148.5]","[27.4, 148.5]",,False
zero_length,a89caa39-e220-4450-99fa-777e121b8a0e,,segment,176,VCC_5,In2.Cu,0.6,"[107.1, 79.9]","[107.1, 79.9]",,False
zero_length,aa72b117-8787-4c53-bb68-1a75d7b1e567,,segment,92,INJECTOR_6,In6.Cu,0.6,"[108.5, 16.9]","[108.5, 16.9]",,False
zero_length,ac551980-6755-42bf-8e37-8261adad7a27,,segment,130,SGND,In2.Cu,0.6,"[87.6, 32.6]","[87.6, 32.6]",,False
zero_length,b408d689-9ca5-4579-8a55-38d680886954,,segment,178,VPWR,In1.Cu,0.6,"[99.1, 16.0]","[99.1, 16.0]",,False
zero_length,b62e50d4-3f90-45ee-875a-ea6eb39ccc31,,segment,59,COIL_2,In2.Cu,0.8,"[43.4, 84.2]","[43.4, 84.2]",,False
zero_length,b8ffb29e-72f4-49d6-8169-affb0f5be2a1,,segment,178,VPWR,In1.Cu,0.6,"[100.9, 19.2]","[100.9, 19.2]",,False
zero_length,ba676200-3046-4b79-aef5-2777732fe422,,segment,130,SGND,In1.Cu,0.25,"[63.0, 6.3]","[63.0, 6.3]",,False
zero_length,bc68989f-8dbd-4d84-bcf7-f93acfeefc09,,segment,66,DGND,In1.Cu,0.6,"[79.6, 32.6]","[79.6, 32.6]",,False
zero_length,bea53e95-582d-412f-a33b-e834bafafe67,,segment,61,COIL_4,In2.Cu,0.6,"[102.2, 39.4]","[102.2, 39.4]",,False
zero_length,c46a8fb7-c7ca-43c7-88b8-0b7feb6d6b07,,segment,7,AC_WOT_CUTOUT,B.Cu,0.6,"[47.8, 122.4]","[47.8, 122.4]",,False
zero_length,c7041d60-4b94-4d20-8faa-3a142dd8366c,,segment,61,COIL_4,In2.Cu,0.6,"[48.8, 23.1]","[48.8, 23.1]",,False
zero_length,cf70b7df-4129-43f2-9a68-f1ea951416b7,,segment,116,MIL,In3.Cu,0.6,"[18.9, 44.4]","[18.9, 44.4]",,False
zero_length,d02af943-839a-4c40-be27-d7cca22cf8e9,,segment,61,COIL_4,In2.Cu,0.8,"[56.5, 30.7]","[56.5, 30.7]",,False
zero_length,d0a71274-402f-43c2-aade-af7d9e886e34,,segment,125,PWR_FUSED,B.Cu,0.25,"[17.9, 70.2]","[17.9, 70.2]",,False
zero_length,d0c20622-9ae1-4d82-8338-8b5c5b0606a9,,segment,25,AUX_TACH,F.Cu,0.8,"[51.8, 111.1]","[51.8, 111.1]",,False
zero_length,d0e88e8b-ca7a-49a5-873e-2f160db131fe,,segment,72,FAN_CONTROL,In2.Cu,0.6,"[61.5, 19.9]","[61.5, 19.9]",,False
zero_length,d18aacc5-35f1-42bb-9678-6926b46f4a31,,segment,130,SGND,In1.Cu,0.25,"[71.1, 12.3]","[71.1, 12.3]",,False
zero_length,d3f8cd0e-c906-4201-8f3a-403f6567c13c,,segment,126,RAW_12,In1.Cu,0.8,"[63.0, 91.1]","[63.0, 91.1]",,False
zero_length,d6ec86a0-0d3a-4338-9621-1451be9f8455,,segment,130,SGND,B.Cu,0.25,"[65.9, 14.1]","[65.9, 14.1]",,False
zero_length,d746a9a0-5d64-4013-9dfb-b221887091be,,segment,1,ACTUATOR_12,B.Cu,0.6,"[60.3, 126.6]","[60.3, 126.6]",,False
zero_length,db32ba11-f0f8-45f5-9ccd-93bd3ccb9cb8,,segment,176,VCC_5,In2.Cu,0.6,"[94.8, 92.2]","[94.8, 92.2]",,False
zero_length,e28bf68f-5bff-4654-a508-6b7ee3bf093f,,segment,176,VCC_5,B.Cu,0.25,"[51.8, 94.2]","[51.8, 94.2]",,False
zero_length,e2aceff7-20fd-4c41-aeda-e3c1c91c9462,,segment,66,DGND,B.Cu,0.25,"[36.4, 88.6]","[36.4, 88.6]",,False
zero_length,e40d3222-3acf-4f8c-98f4-098aa073bb76,,segment,25,AUX_TACH,F.Cu,0.6,"[56.9, 122.6]","[56.9, 122.6]",,False
zero_length,f3b8de0e-628b-4c8d-92ae-8e2a782334bd,,segment,126,RAW_12,In2.Cu,0.8,"[63.0, 91.1]","[63.0, 91.1]",,False
zero_length,f55eb871-83f3-4679-aa4f-252949c8a037,,segment,125,PWR_FUSED,In4.Cu,0.25,"[16.2, 62.9]","[16.2, 62.9]",,False
zero_length,fcf97dad-c0b1-4ef5-92a2-93180d015446,,segment,172,TRANS_SS1,In4.Cu,0.6,"[48.3, 129.8]","[48.3, 129.8]",,False
zero_length,ff962e4d-a2c8-4af4-88e3-aa54c542977c,,segment,116,MIL,In4.Cu,0.6,"[12.6, 20.4]","[12.6, 20.4]",,False
